,openness,diversity_artists
0,Low,0.9661654135338346
1,Medium,0.9571428571428572
2,High,0.9482352941176472
